{
  "coc-python|/data/data/com.termux/files/home": {
    "INTERPRETERS_CACHE_v3_WorkspaceVirtualEnvService": [],
    "INTERPRETERS_CACHE_v3_PipEnvService": []
  },
  "coc-python|global": {
    "INTERPRETERS_CACHE_v3_CondaEnvFileService": [],
    "INTERPRETERS_CACHE_v3_VirtualEnvService": [],
    "INTERPRETERS_CACHE_v3_CondaEnvService": [],
    "/data/data/com.termux/files/usr/bin/python3.v3": {
      "data": {
        "architecture": 3,
        "path": "/data/data/com.termux/files/usr/bin/python3",
        "version": {
          "options": {
            "loose": false,
            "includePrerelease": false
          },
          "loose": false,
          "raw": "3.9.6-final",
          "major": 3,
          "minor": 9,
          "patch": 6,
          "prerelease": [
            "final"
          ],
          "build": [],
          "version": "3.9.6-final"
        },
        "sysPrefix": "/data/data/com.termux/files/usr",
        "fileHash": "5d7543f5169eeb979216aa34c5286b346bb10fa87a8ea8a3240109cc72e3660a69185f863885cc52ded15c68c2fdd1b8786ecf72cb7a935485c602015bfad4eb"
      },
      "expiry": 1628887433791
    },
    "/data/data/com.termux/files/usr/bin/python2.7.v3": {
      "data": {
        "architecture": 3,
        "path": "/data/data/com.termux/files/usr/bin/python2.7",
        "version": {
          "options": {
            "loose": false,
            "includePrerelease": false
          },
          "loose": false,
          "raw": "2.7.18-final",
          "major": 2,
          "minor": 7,
          "patch": 18,
          "prerelease": [
            "final"
          ],
          "build": [],
          "version": "2.7.18-final"
        },
        "sysPrefix": "/data/data/com.termux/files/usr",
        "fileHash": "afee0fc7ee8c7f6f842dddbe28da9bbbc9a443d304dd521621252ff1e969349a87c0fe160403fb1c52e5bc5e3d8b62b6789acdc36f5fc56a9a9bcf9dfe6045f2"
      },
      "expiry": 1628887433711
    },
    "/data/data/com.termux/files/usr/bin/python2.v3": {
      "data": {
        "architecture": 3,
        "path": "/data/data/com.termux/files/usr/bin/python2",
        "version": {
          "options": {
            "loose": false,
            "includePrerelease": false
          },
          "loose": false,
          "raw": "2.7.18-final",
          "major": 2,
          "minor": 7,
          "patch": 18,
          "prerelease": [
            "final"
          ],
          "build": [],
          "version": "2.7.18-final"
        },
        "sysPrefix": "/data/data/com.termux/files/usr",
        "fileHash": "a3a84977a37e915cb347ae97685a800a92009bf03111cb3a0ea8e3022027e4a0ac4d60da36f65156a39f0fdc134be5fa9d9f3c695cf47b46893e0249f74f7ab0"
      },
      "expiry": 1628887433664
    },
    "/data/data/com.termux/files/usr/bin/python.v3": {
      "data": {
        "architecture": 3,
        "path": "/data/data/com.termux/files/usr/bin/python",
        "version": {
          "options": {
            "loose": false,
            "includePrerelease": false
          },
          "loose": false,
          "raw": "3.9.6-final",
          "major": 3,
          "minor": 9,
          "patch": 6,
          "prerelease": [
            "final"
          ],
          "build": [],
          "version": "3.9.6-final"
        },
        "sysPrefix": "/data/data/com.termux/files/usr",
        "fileHash": "5d7543f5169eeb979216aa34c5286b346bb10fa87a8ea8a3240109cc72e3660a69185f863885cc52ded15c68c2fdd1b8786ecf72cb7a935485c602015bfad4eb"
      },
      "expiry": 1628887433666
    },
    "INTERPRETERS_CACHE_v3_CurrentPathService": [
      {
        "architecture": 3,
        "path": "/data/data/com.termux/files/usr/bin/python3",
        "version": {
          "options": {
            "loose": false,
            "includePrerelease": false
          },
          "loose": false,
          "raw": "3.9.6-final",
          "major": 3,
          "minor": 9,
          "patch": 6,
          "prerelease": [
            "final"
          ],
          "build": [],
          "version": "3.9.6-final"
        },
        "sysPrefix": "/data/data/com.termux/files/usr",
        "fileHash": "5d7543f5169eeb979216aa34c5286b346bb10fa87a8ea8a3240109cc72e3660a69185f863885cc52ded15c68c2fdd1b8786ecf72cb7a935485c602015bfad4eb",
        "type": "Unknown"
      },
      {
        "architecture": 3,
        "path": "/data/data/com.termux/files/usr/bin/python2",
        "version": {
          "options": {
            "loose": false,
            "includePrerelease": false
          },
          "loose": false,
          "raw": "2.7.18-final",
          "major": 2,
          "minor": 7,
          "patch": 18,
          "prerelease": [
            "final"
          ],
          "build": [],
          "version": "2.7.18-final"
        },
        "sysPrefix": "/data/data/com.termux/files/usr",
        "fileHash": "a3a84977a37e915cb347ae97685a800a92009bf03111cb3a0ea8e3022027e4a0ac4d60da36f65156a39f0fdc134be5fa9d9f3c695cf47b46893e0249f74f7ab0",
        "type": "Unknown"
      },
      {
        "architecture": 3,
        "path": "/data/data/com.termux/files/usr/bin/python",
        "version": {
          "options": {
            "loose": false,
            "includePrerelease": false
          },
          "loose": false,
          "raw": "3.9.6-final",
          "major": 3,
          "minor": 9,
          "patch": 6,
          "prerelease": [
            "final"
          ],
          "build": [],
          "version": "3.9.6-final"
        },
        "sysPrefix": "/data/data/com.termux/files/usr",
        "fileHash": "5d7543f5169eeb979216aa34c5286b346bb10fa87a8ea8a3240109cc72e3660a69185f863885cc52ded15c68c2fdd1b8786ecf72cb7a935485c602015bfad4eb",
        "type": "Unknown"
      },
      {
        "architecture": 3,
        "path": "/data/data/com.termux/files/usr/bin/python",
        "version": {
          "options": {
            "loose": false,
            "includePrerelease": false
          },
          "loose": false,
          "raw": "3.9.6-final",
          "major": 3,
          "minor": 9,
          "patch": 6,
          "prerelease": [
            "final"
          ],
          "build": [],
          "version": "3.9.6-final"
        },
        "sysPrefix": "/data/data/com.termux/files/usr",
        "fileHash": "5d7543f5169eeb979216aa34c5286b346bb10fa87a8ea8a3240109cc72e3660a69185f863885cc52ded15c68c2fdd1b8786ecf72cb7a935485c602015bfad4eb",
        "type": "Unknown"
      }
    ],
    "InterpreterAutoSeletionRule-currentPath": {
      "architecture": 3,
      "path": "/data/data/com.termux/files/usr/bin/python",
      "version": {
        "options": {
          "loose": false,
          "includePrerelease": false
        },
        "loose": false,
        "raw": "3.9.6-final",
        "major": 3,
        "minor": 9,
        "patch": 6,
        "prerelease": [
          "final"
        ],
        "build": [],
        "version": "3.9.6-final"
      },
      "sysPrefix": "/data/data/com.termux/files/usr",
      "fileHash": "5d7543f5169eeb979216aa34c5286b346bb10fa87a8ea8a3240109cc72e3660a69185f863885cc52ded15c68c2fdd1b8786ecf72cb7a935485c602015bfad4eb",
      "type": "Unknown",
      "cachedEntry": true
    },
    "preferredGlobalPyInterpreter": {
      "architecture": 3,
      "path": "/data/data/com.termux/files/usr/bin/python",
      "version": {
        "options": {
          "loose": false,
          "includePrerelease": false
        },
        "loose": false,
        "raw": "3.9.6-final",
        "major": 3,
        "minor": 9,
        "patch": 6,
        "prerelease": [
          "final"
        ],
        "build": [],
        "version": "3.9.6-final"
      },
      "sysPrefix": "/data/data/com.termux/files/usr",
      "fileHash": "5d7543f5169eeb979216aa34c5286b346bb10fa87a8ea8a3240109cc72e3660a69185f863885cc52ded15c68c2fdd1b8786ecf72cb7a935485c602015bfad4eb",
      "type": "Unknown",
      "cachedEntry": true,
      "displayName": "Python 3.9.6 64-bit"
    },
    "/data/data/com.termux/files/usr/bin/python3.9.v3": {
      "data": {
        "architecture": 3,
        "path": "/data/data/com.termux/files/usr/bin/python3.9",
        "version": {
          "options": {
            "loose": false,
            "includePrerelease": false
          },
          "loose": false,
          "raw": "3.9.6-final",
          "major": 3,
          "minor": 9,
          "patch": 6,
          "prerelease": [
            "final"
          ],
          "build": [],
          "version": "3.9.6-final"
        },
        "sysPrefix": "/data/data/com.termux/files/usr",
        "fileHash": "b10e4a57f291388de1635937f3168757a562ef7e32970be9bfd8e476d32566d6f7ece2574c6a74dd703560fd1628fe4dc24911ce620276a251834b501212c36f"
      },
      "expiry": 1628887433718
    },
    "INTERPRETERS_CACHE_v3_KnownPathsService": [
      {
        "architecture": 3,
        "path": "/data/data/com.termux/files/usr/bin/python",
        "version": {
          "options": {
            "loose": false,
            "includePrerelease": false
          },
          "loose": false,
          "raw": "3.9.6-final",
          "major": 3,
          "minor": 9,
          "patch": 6,
          "prerelease": [
            "final"
          ],
          "build": [],
          "version": "3.9.6-final"
        },
        "sysPrefix": "/data/data/com.termux/files/usr",
        "fileHash": "5d7543f5169eeb979216aa34c5286b346bb10fa87a8ea8a3240109cc72e3660a69185f863885cc52ded15c68c2fdd1b8786ecf72cb7a935485c602015bfad4eb",
        "type": "Unknown"
      },
      {
        "architecture": 3,
        "path": "/data/data/com.termux/files/usr/bin/python2",
        "version": {
          "options": {
            "loose": false,
            "includePrerelease": false
          },
          "loose": false,
          "raw": "2.7.18-final",
          "major": 2,
          "minor": 7,
          "patch": 18,
          "prerelease": [
            "final"
          ],
          "build": [],
          "version": "2.7.18-final"
        },
        "sysPrefix": "/data/data/com.termux/files/usr",
        "fileHash": "a3a84977a37e915cb347ae97685a800a92009bf03111cb3a0ea8e3022027e4a0ac4d60da36f65156a39f0fdc134be5fa9d9f3c695cf47b46893e0249f74f7ab0",
        "type": "Unknown"
      },
      {
        "architecture": 3,
        "path": "/data/data/com.termux/files/usr/bin/python2.7",
        "version": {
          "options": {
            "loose": false,
            "includePrerelease": false
          },
          "loose": false,
          "raw": "2.7.18-final",
          "major": 2,
          "minor": 7,
          "patch": 18,
          "prerelease": [
            "final"
          ],
          "build": [],
          "version": "2.7.18-final"
        },
        "sysPrefix": "/data/data/com.termux/files/usr",
        "fileHash": "afee0fc7ee8c7f6f842dddbe28da9bbbc9a443d304dd521621252ff1e969349a87c0fe160403fb1c52e5bc5e3d8b62b6789acdc36f5fc56a9a9bcf9dfe6045f2",
        "type": "Unknown"
      },
      {
        "architecture": 3,
        "path": "/data/data/com.termux/files/usr/bin/python3",
        "version": {
          "options": {
            "loose": false,
            "includePrerelease": false
          },
          "loose": false,
          "raw": "3.9.6-final",
          "major": 3,
          "minor": 9,
          "patch": 6,
          "prerelease": [
            "final"
          ],
          "build": [],
          "version": "3.9.6-final"
        },
        "sysPrefix": "/data/data/com.termux/files/usr",
        "fileHash": "5d7543f5169eeb979216aa34c5286b346bb10fa87a8ea8a3240109cc72e3660a69185f863885cc52ded15c68c2fdd1b8786ecf72cb7a935485c602015bfad4eb",
        "type": "Unknown"
      },
      {
        "architecture": 3,
        "path": "/data/data/com.termux/files/usr/bin/python3.9",
        "version": {
          "options": {
            "loose": false,
            "includePrerelease": false
          },
          "loose": false,
          "raw": "3.9.6-final",
          "major": 3,
          "minor": 9,
          "patch": 6,
          "prerelease": [
            "final"
          ],
          "build": [],
          "version": "3.9.6-final"
        },
        "sysPrefix": "/data/data/com.termux/files/usr",
        "fileHash": "b10e4a57f291388de1635937f3168757a562ef7e32970be9bfd8e476d32566d6f7ece2574c6a74dd703560fd1628fe4dc24911ce620276a251834b501212c36f",
        "type": "Unknown"
      }
    ],
    "PipEnvInformation": [],
    "/data/data/com.termux/files/usr/bin/python.interpreter.Details.v7": {
      "data": {
        "fileHash": "5d7543f5169eeb979216aa34c5286b346bb10fa87a8ea8a3240109cc72e3660a69185f863885cc52ded15c68c2fdd1b8786ecf72cb7a935485c602015bfad4eb",
        "info": {
          "architecture": 3,
          "path": "/data/data/com.termux/files/usr/bin/python",
          "version": {
            "options": {
              "loose": false,
              "includePrerelease": false
            },
            "loose": false,
            "raw": "3.9.6-final",
            "major": 3,
            "minor": 9,
            "patch": 6,
            "prerelease": [
              "final"
            ],
            "build": [],
            "version": "3.9.6-final"
          },
          "sysPrefix": "/data/data/com.termux/files/usr",
          "fileHash": "5d7543f5169eeb979216aa34c5286b346bb10fa87a8ea8a3240109cc72e3660a69185f863885cc52ded15c68c2fdd1b8786ecf72cb7a935485c602015bfad4eb",
          "type": "Unknown",
          "cachedEntry": true,
          "displayName": "Python 3.9.6 64-bit",
          "__store": true
        }
      },
      "expiry": 1628887433724
    },
    "/data/data/com.termux/files/usr/bin/python.interpreter.displayName.v7": {
      "data": {
        "displayName": "Python 3.9.6 64-bit",
        "hash": "5d7543f5169eeb979216aa34c5286b346bb10fa87a8ea8a3240109cc72e3660a69185f863885cc52ded15c68c2fdd1b8786ecf72cb7a935485c602015bfad4eb-4a6fc21b41b011e35d437d377d546afc"
      },
      "expiry": 1628887433741
    },
    "/data/data/com.termux/files/usr/bin/python2.interpreter.displayName.v7": {
      "data": {
        "displayName": "Python 2.7.18 64-bit",
        "hash": "a3a84977a37e915cb347ae97685a800a92009bf03111cb3a0ea8e3022027e4a0ac4d60da36f65156a39f0fdc134be5fa9d9f3c695cf47b46893e0249f74f7ab0-765a9ce909fa3b98bd0fc2801b3a36f4"
      },
      "expiry": 1626942873861
    },
    "InterpreterAutoSeletionRule-system": {
      "architecture": 3,
      "path": "/data/data/com.termux/files/usr/bin/python",
      "version": {
        "options": {
          "loose": false,
          "includePrerelease": false
        },
        "loose": false,
        "raw": "3.9.6-final",
        "major": 3,
        "minor": 9,
        "patch": 6,
        "prerelease": [
          "final"
        ],
        "build": [],
        "version": "3.9.6-final"
      },
      "sysPrefix": "/data/data/com.termux/files/usr",
      "fileHash": "5d7543f5169eeb979216aa34c5286b346bb10fa87a8ea8a3240109cc72e3660a69185f863885cc52ded15c68c2fdd1b8786ecf72cb7a935485c602015bfad4eb",
      "type": "Unknown",
      "cachedEntry": true,
      "displayName": "Python 3.9.6 64-bit"
    },
    "/data/data/com.termux/files/usr/bin/python2.interpreter.Details.v7": {
      "data": {
        "fileHash": "a3a84977a37e915cb347ae97685a800a92009bf03111cb3a0ea8e3022027e4a0ac4d60da36f65156a39f0fdc134be5fa9d9f3c695cf47b46893e0249f74f7ab0",
        "info": {
          "architecture": 3,
          "path": "/data/data/com.termux/files/usr/bin/python2",
          "version": {
            "options": {
              "loose": false,
              "includePrerelease": false
            },
            "loose": false,
            "raw": "2.7.18-final",
            "major": 2,
            "minor": 7,
            "patch": 18,
            "prerelease": [
              "final"
            ],
            "build": [],
            "version": "2.7.18-final"
          },
          "sysPrefix": "/data/data/com.termux/files/usr",
          "fileHash": "a3a84977a37e915cb347ae97685a800a92009bf03111cb3a0ea8e3022027e4a0ac4d60da36f65156a39f0fdc134be5fa9d9f3c695cf47b46893e0249f74f7ab0",
          "type": "Unknown",
          "displayName": "Python 2.7.18 64-bit"
        }
      },
      "expiry": 1626942873886
    },
    "InterpreterAutoSeletionRule-cachedInterpreters": {
      "architecture": 3,
      "path": "/data/data/com.termux/files/usr/bin/python",
      "version": {
        "options": {
          "loose": false,
          "includePrerelease": false
        },
        "loose": false,
        "raw": "3.9.6-final",
        "major": 3,
        "minor": 9,
        "patch": 6,
        "prerelease": [
          "final"
        ],
        "build": [],
        "version": "3.9.6-final"
      },
      "sysPrefix": "/data/data/com.termux/files/usr",
      "fileHash": "5d7543f5169eeb979216aa34c5286b346bb10fa87a8ea8a3240109cc72e3660a69185f863885cc52ded15c68c2fdd1b8786ecf72cb7a935485c602015bfad4eb",
      "type": "Unknown",
      "cachedEntry": true,
      "displayName": "Python 3.9.6 64-bit"
    },
    "GLOBAL_DIAGNOSTICS_FILTER": [
      "LSNotSupportedDiagnostic"
    ],
    "ProposeLSBanner": false,
    "/data/data/com.termux/files/usr/bin/python3.interpreter.Details.v7": {
      "data": {
        "fileHash": "5d7543f5169eeb979216aa34c5286b346bb10fa87a8ea8a3240109cc72e3660a69185f863885cc52ded15c68c2fdd1b8786ecf72cb7a935485c602015bfad4eb"
      },
      "expiry": 1626942873841
    },
    "/data/data/com.termux/files/usr/bin/python3.interpreter.displayName.v7": {
      "data": {
        "displayName": "Python 3.9.6 64-bit",
        "hash": "5d7543f5169eeb979216aa34c5286b346bb10fa87a8ea8a3240109cc72e3660a69185f863885cc52ded15c68c2fdd1b8786ecf72cb7a935485c602015bfad4eb-97019ffedb2cd6efabb6e44a536a4148"
      },
      "expiry": 1626942874097
    }
  },
  "coc-python|/data/data/com.termux/files/home/tmvenom": {
    "INTERPRETERS_CACHE_v3_PipEnvService:f72d0fce757e08842c9b3133249fc07c": [],
    "INTERPRETERS_CACHE_v3_WorkspaceVirtualEnvService:f72d0fce757e08842c9b3133249fc07c": [],
    "autoSelectedWorkspacePythonInterpreter-/data/data/com.termux/files/home/tmvenom": {
      "architecture": 3,
      "path": "/data/data/com.termux/files/usr/bin/python",
      "version": {
        "options": {
          "loose": false,
          "includePrerelease": false
        },
        "loose": false,
        "raw": "3.9.5-final",
        "major": 3,
        "minor": 9,
        "patch": 5,
        "prerelease": [
          "final"
        ],
        "build": [],
        "version": "3.9.5-final"
      },
      "sysPrefix": "/data/data/com.termux/files/usr",
      "fileHash": "2ae318a0abe51b5ccc45f26fa82382805fd50a6dc9adef468d25c675872dce5143b68d8ccd9bebbfdc95e6abe888f3aec476376b82cd615198adeb8034833282",
      "type": "Unknown"
    },
    "INTERPRETERS_CACHE_v3_PipEnvService": [],
    "INTERPRETERS_CACHE_v3_WorkspaceVirtualEnvService": []
  },
  "coc-python|/data/data/com.termux/files/home/nvim-config": {
    "INTERPRETERS_CACHE_v3_PipEnvService:572c17692f48c04489b796be26bc3634": [],
    "INTERPRETERS_CACHE_v3_WorkspaceVirtualEnvService:572c17692f48c04489b796be26bc3634": [],
    "autoSelectedWorkspacePythonInterpreter-/data/data/com.termux/files/home/nvim-config": {
      "architecture": 3,
      "path": "/data/data/com.termux/files/usr/bin/python",
      "version": {
        "options": {
          "loose": false,
          "includePrerelease": false
        },
        "loose": false,
        "raw": "3.9.5-final",
        "major": 3,
        "minor": 9,
        "patch": 5,
        "prerelease": [
          "final"
        ],
        "build": [],
        "version": "3.9.5-final"
      },
      "sysPrefix": "/data/data/com.termux/files/usr",
      "fileHash": "2ae318a0abe51b5ccc45f26fa82382805fd50a6dc9adef468d25c675872dce5143b68d8ccd9bebbfdc95e6abe888f3aec476376b82cd615198adeb8034833282",
      "type": "Unknown"
    },
    "INTERPRETERS_CACHE_v3_PipEnvService": [],
    "INTERPRETERS_CACHE_v3_WorkspaceVirtualEnvService": []
  },
  "coc-python|/data/data/com.termux/files/home/.config/nvim/autoload/plugs": {
    "INTERPRETERS_CACHE_v3_PipEnvService:ca2c85dfd4dc2e7e6ee5c79eff1dbe40": [],
    "INTERPRETERS_CACHE_v3_WorkspaceVirtualEnvService:ca2c85dfd4dc2e7e6ee5c79eff1dbe40": [],
    "autoSelectedWorkspacePythonInterpreter-/data/data/com.termux/files/home/.config/nvim/autoload/plugs": {
      "architecture": 3,
      "path": "/data/data/com.termux/files/usr/bin/python",
      "version": {
        "options": {
          "loose": false,
          "includePrerelease": false
        },
        "loose": false,
        "raw": "3.9.5-final",
        "major": 3,
        "minor": 9,
        "patch": 5,
        "prerelease": [
          "final"
        ],
        "build": [],
        "version": "3.9.5-final"
      },
      "sysPrefix": "/data/data/com.termux/files/usr",
      "fileHash": "2ae318a0abe51b5ccc45f26fa82382805fd50a6dc9adef468d25c675872dce5143b68d8ccd9bebbfdc95e6abe888f3aec476376b82cd615198adeb8034833282",
      "type": "Unknown"
    },
    "INTERPRETERS_CACHE_v3_PipEnvService": [],
    "INTERPRETERS_CACHE_v3_WorkspaceVirtualEnvService": []
  },
  "coc-python|/data/data/com.termux/files/home/pentesting-framework": {
    "INTERPRETERS_CACHE_v3_PipEnvService:78e8d869874393b7f8a0c647ac74bb61": [],
    "INTERPRETERS_CACHE_v3_WorkspaceVirtualEnvService:78e8d869874393b7f8a0c647ac74bb61": [],
    "autoSelectedWorkspacePythonInterpreter-/data/data/com.termux/files/home/pentesting-framework": {
      "architecture": 3,
      "path": "/data/data/com.termux/files/usr/bin/python",
      "version": {
        "options": {
          "loose": false,
          "includePrerelease": false
        },
        "loose": false,
        "raw": "3.9.5-final",
        "major": 3,
        "minor": 9,
        "patch": 5,
        "prerelease": [
          "final"
        ],
        "build": [],
        "version": "3.9.5-final"
      },
      "sysPrefix": "/data/data/com.termux/files/usr",
      "fileHash": "2ae318a0abe51b5ccc45f26fa82382805fd50a6dc9adef468d25c675872dce5143b68d8ccd9bebbfdc95e6abe888f3aec476376b82cd615198adeb8034833282",
      "type": "Unknown"
    },
    "INTERPRETERS_CACHE_v3_PipEnvService": [],
    "INTERPRETERS_CACHE_v3_WorkspaceVirtualEnvService": []
  },
  "coc-python|/data/data/com.termux/files/home/cybersploit-framework": {
    "INTERPRETERS_CACHE_v3_PipEnvService:418d288902b993d95e309e55d18d4428": [],
    "INTERPRETERS_CACHE_v3_WorkspaceVirtualEnvService:418d288902b993d95e309e55d18d4428": [],
    "autoSelectedWorkspacePythonInterpreter-/data/data/com.termux/files/home/cybersploit-framework": {
      "architecture": 3,
      "path": "/data/data/com.termux/files/usr/bin/python",
      "version": {
        "options": {
          "loose": false,
          "includePrerelease": false
        },
        "loose": false,
        "raw": "3.9.5-final",
        "major": 3,
        "minor": 9,
        "patch": 5,
        "prerelease": [
          "final"
        ],
        "build": [],
        "version": "3.9.5-final"
      },
      "sysPrefix": "/data/data/com.termux/files/usr",
      "fileHash": "2ae318a0abe51b5ccc45f26fa82382805fd50a6dc9adef468d25c675872dce5143b68d8ccd9bebbfdc95e6abe888f3aec476376b82cd615198adeb8034833282",
      "type": "Unknown"
    },
    "INTERPRETERS_CACHE_v3_PipEnvService": [],
    "INTERPRETERS_CACHE_v3_WorkspaceVirtualEnvService": []
  },
  "coc-python|/data/data/com.termux/files/home/sukuinote": {
    "INTERPRETERS_CACHE_v3_PipEnvService:5950b5c575616af077317cbbf86d2976": [],
    "INTERPRETERS_CACHE_v3_WorkspaceVirtualEnvService:5950b5c575616af077317cbbf86d2976": [],
    "autoSelectedWorkspacePythonInterpreter-/data/data/com.termux/files/home/sukuinote": {
      "architecture": 3,
      "path": "/data/data/com.termux/files/usr/bin/python",
      "version": {
        "options": {
          "loose": false,
          "includePrerelease": false
        },
        "loose": false,
        "raw": "3.9.5-final",
        "major": 3,
        "minor": 9,
        "patch": 5,
        "prerelease": [
          "final"
        ],
        "build": [],
        "version": "3.9.5-final"
      },
      "sysPrefix": "/data/data/com.termux/files/usr",
      "fileHash": "2ae318a0abe51b5ccc45f26fa82382805fd50a6dc9adef468d25c675872dce5143b68d8ccd9bebbfdc95e6abe888f3aec476376b82cd615198adeb8034833282",
      "type": "Unknown"
    },
    "INTERPRETERS_CACHE_v3_PipEnvService": [],
    "INTERPRETERS_CACHE_v3_WorkspaceVirtualEnvService": []
  },
  "coc-python|/data/data/com.termux/files/home/cupp": {
    "INTERPRETERS_CACHE_v3_PipEnvService:2fbb098913b095e550a9d6d7c57376ea": [],
    "INTERPRETERS_CACHE_v3_WorkspaceVirtualEnvService:2fbb098913b095e550a9d6d7c57376ea": [],
    "autoSelectedWorkspacePythonInterpreter-/data/data/com.termux/files/home/cupp": {
      "architecture": 3,
      "path": "/data/data/com.termux/files/usr/bin/python",
      "version": {
        "options": {
          "loose": false,
          "includePrerelease": false
        },
        "loose": false,
        "raw": "3.9.5-final",
        "major": 3,
        "minor": 9,
        "patch": 5,
        "prerelease": [
          "final"
        ],
        "build": [],
        "version": "3.9.5-final"
      },
      "sysPrefix": "/data/data/com.termux/files/usr",
      "fileHash": "2ae318a0abe51b5ccc45f26fa82382805fd50a6dc9adef468d25c675872dce5143b68d8ccd9bebbfdc95e6abe888f3aec476376b82cd615198adeb8034833282",
      "type": "Unknown"
    },
    "INTERPRETERS_CACHE_v3_PipEnvService": [],
    "INTERPRETERS_CACHE_v3_WorkspaceVirtualEnvService": []
  },
  "coc-python|/data/data/com.termux/files/home/PROXY_FINDER": {
    "INTERPRETERS_CACHE_v3_PipEnvService:4ccfd522eda26300c6634f756a2c312a": [],
    "INTERPRETERS_CACHE_v3_WorkspaceVirtualEnvService:4ccfd522eda26300c6634f756a2c312a": [],
    "autoSelectedWorkspacePythonInterpreter-/data/data/com.termux/files/home/PROXY_FINDER": {
      "architecture": 3,
      "path": "/data/data/com.termux/files/usr/bin/python",
      "version": {
        "options": {
          "loose": false,
          "includePrerelease": false
        },
        "loose": false,
        "raw": "3.9.5-final",
        "major": 3,
        "minor": 9,
        "patch": 5,
        "prerelease": [
          "final"
        ],
        "build": [],
        "version": "3.9.5-final"
      },
      "sysPrefix": "/data/data/com.termux/files/usr",
      "fileHash": "2ae318a0abe51b5ccc45f26fa82382805fd50a6dc9adef468d25c675872dce5143b68d8ccd9bebbfdc95e6abe888f3aec476376b82cd615198adeb8034833282",
      "type": "Unknown"
    },
    "INTERPRETERS_CACHE_v3_PipEnvService": [],
    "INTERPRETERS_CACHE_v3_WorkspaceVirtualEnvService": []
  },
  "coc-python|/data/data/com.termux/files/home/adbsploit": {
    "INTERPRETERS_CACHE_v3_PipEnvService:a8325afbd53b9ea0a099806f658adc74": [],
    "INTERPRETERS_CACHE_v3_WorkspaceVirtualEnvService:a8325afbd53b9ea0a099806f658adc74": [],
    "autoSelectedWorkspacePythonInterpreter-/data/data/com.termux/files/home/adbsploit": {
      "architecture": 3,
      "path": "/data/data/com.termux/files/usr/bin/python",
      "version": {
        "options": {
          "loose": false,
          "includePrerelease": false
        },
        "loose": false,
        "raw": "3.9.5-final",
        "major": 3,
        "minor": 9,
        "patch": 5,
        "prerelease": [
          "final"
        ],
        "build": [],
        "version": "3.9.5-final"
      },
      "sysPrefix": "/data/data/com.termux/files/usr",
      "fileHash": "2ae318a0abe51b5ccc45f26fa82382805fd50a6dc9adef468d25c675872dce5143b68d8ccd9bebbfdc95e6abe888f3aec476376b82cd615198adeb8034833282",
      "type": "Unknown"
    },
    "INTERPRETERS_CACHE_v3_PipEnvService": [],
    "INTERPRETERS_CACHE_v3_WorkspaceVirtualEnvService": []
  },
  "coc-python|/data/data/com.termux/files/usr/bin": {
    "INTERPRETERS_CACHE_v3_PipEnvService:cbb3292184dde36d9be85103b9c72008": [],
    "INTERPRETERS_CACHE_v3_WorkspaceVirtualEnvService:cbb3292184dde36d9be85103b9c72008": [],
    "SelectedPythonPath": "/data/data/com.termux/files/usr/bin/python3",
    "autoSelectedWorkspacePythonInterpreter-/data/data/com.termux/files/usr/bin": {
      "architecture": 3,
      "path": "/data/data/com.termux/files/usr/bin/python3",
      "version": {
        "options": {
          "loose": false,
          "includePrerelease": false
        },
        "loose": false,
        "raw": "3.9.6-final",
        "major": 3,
        "minor": 9,
        "patch": 6,
        "prerelease": [
          "final"
        ],
        "build": [],
        "version": "3.9.6-final"
      },
      "sysPrefix": "/data/data/com.termux/files/usr",
      "fileHash": "5d7543f5169eeb979216aa34c5286b346bb10fa87a8ea8a3240109cc72e3660a69185f863885cc52ded15c68c2fdd1b8786ecf72cb7a935485c602015bfad4eb",
      "type": "VirtualEnv"
    },
    "INTERPRETERS_CACHE_v3_PipEnvService": [],
    "INTERPRETERS_CACHE_v3_WorkspaceVirtualEnvService": []
  },
  "coc-python|/data/data/com.termux/files/home/deb-pkg/ranger/data/data/com.termux/files/usr/bin": {
    "INTERPRETERS_CACHE_v3_PipEnvService:dea4a47a8c816fd55d34920e380a0758": [],
    "INTERPRETERS_CACHE_v3_WorkspaceVirtualEnvService:dea4a47a8c816fd55d34920e380a0758": [],
    "autoSelectedWorkspacePythonInterpreter-/data/data/com.termux/files/home/deb-pkg/ranger/data/data/com.termux/files/usr/bin": {
      "architecture": 3,
      "path": "/data/data/com.termux/files/usr/bin/python",
      "version": {
        "options": {
          "loose": false,
          "includePrerelease": false
        },
        "loose": false,
        "raw": "3.9.5-final",
        "major": 3,
        "minor": 9,
        "patch": 5,
        "prerelease": [
          "final"
        ],
        "build": [],
        "version": "3.9.5-final"
      },
      "sysPrefix": "/data/data/com.termux/files/usr",
      "fileHash": "2ae318a0abe51b5ccc45f26fa82382805fd50a6dc9adef468d25c675872dce5143b68d8ccd9bebbfdc95e6abe888f3aec476376b82cd615198adeb8034833282",
      "type": "Unknown"
    },
    "INTERPRETERS_CACHE_v3_PipEnvService": [],
    "INTERPRETERS_CACHE_v3_WorkspaceVirtualEnvService": []
  },
  "coc-python|/data/data/com.termux/files/home/dotfies": {
    "INTERPRETERS_CACHE_v3_PipEnvService:8165809835322f75555720a5b448acb8": [],
    "INTERPRETERS_CACHE_v3_WorkspaceVirtualEnvService:8165809835322f75555720a5b448acb8": [],
    "autoSelectedWorkspacePythonInterpreter-/data/data/com.termux/files/home/dotfies": {
      "architecture": 3,
      "path": "/data/data/com.termux/files/usr/bin/python",
      "version": {
        "options": {
          "loose": false,
          "includePrerelease": false
        },
        "loose": false,
        "raw": "3.9.5-final",
        "major": 3,
        "minor": 9,
        "patch": 5,
        "prerelease": [
          "final"
        ],
        "build": [],
        "version": "3.9.5-final"
      },
      "sysPrefix": "/data/data/com.termux/files/usr",
      "fileHash": "2ae318a0abe51b5ccc45f26fa82382805fd50a6dc9adef468d25c675872dce5143b68d8ccd9bebbfdc95e6abe888f3aec476376b82cd615198adeb8034833282",
      "type": "Unknown"
    },
    "INTERPRETERS_CACHE_v3_PipEnvService": [],
    "INTERPRETERS_CACHE_v3_WorkspaceVirtualEnvService": []
  },
  "coc-python|/data/data/com.termux/files/home/python": {
    "INTERPRETERS_CACHE_v3_PipEnvService:cc053d767ee5f0473179358faa3f7ebe": [],
    "INTERPRETERS_CACHE_v3_WorkspaceVirtualEnvService:cc053d767ee5f0473179358faa3f7ebe": [],
    "autoSelectedWorkspacePythonInterpreter-/data/data/com.termux/files/home/python": {
      "architecture": 3,
      "path": "/data/data/com.termux/files/usr/bin/python",
      "version": {
        "options": {
          "loose": false,
          "includePrerelease": false
        },
        "loose": false,
        "raw": "3.9.5-final",
        "major": 3,
        "minor": 9,
        "patch": 5,
        "prerelease": [
          "final"
        ],
        "build": [],
        "version": "3.9.5-final"
      },
      "sysPrefix": "/data/data/com.termux/files/usr",
      "fileHash": "2ae318a0abe51b5ccc45f26fa82382805fd50a6dc9adef468d25c675872dce5143b68d8ccd9bebbfdc95e6abe888f3aec476376b82cd615198adeb8034833282",
      "type": "Unknown"
    },
    "INTERPRETERS_CACHE_v3_PipEnvService": [],
    "INTERPRETERS_CACHE_v3_WorkspaceVirtualEnvService": []
  }
}